80	15003	11291	undetermined		200080									Latin
81	15004	11291	undetermined		200081									Latin
1832	2674	11291	undetermined		201832									Latin
1833	2675	11291	undetermined		201833									Latin
1834	2676	11291	undetermined		201834									Latin
1836	2678	11291	undetermined		201836									Latin
1837	2679	11291	undetermined		201837									Latin
1839	2681	11291	undetermined		201839									Latin
1840	2682	11291	undetermined		201840									Latin
1841	2683	11291	undetermined		201841									Latin
1843	2685	11291	undetermined		201843									Latin
1848	2690	11291	undetermined		201848									Latin
1849	2691	11291	undetermined		201849						Gaza Strip			Latin
1991	3754	11291	undetermined		201991									Latin
2237	4238	11291	undetermined		202237									Latin
2242	4243	11291	undetermined		202242									Latin
2248	4249	11291	undetermined		202248									Latin
2921	4688	11291	undetermined		202921									Latin
2923	4690	11291	undetermined		202923									Latin
2924	4691	11291	undetermined		202924									Latin
2925	4693	11291	undetermined		202925									Latin
2926	4694	11291	undetermined		202926									Latin
2927	4695	11291	undetermined		202927									Latin
2928	4696	11291	undetermined		202928									Latin
2929	4697	11291	undetermined		202929									Latin
2932	4700	11291	undetermined		202932									Latin
2934	4702	11291	undetermined		202934									Latin
2935	4703	11291	undetermined		202935									Latin
2938	4706	11291	undetermined		202938									Latin
2939	4707	11291	undetermined		202939									Latin
2940	4708	11291	undetermined		202940									Latin
2941	4709	11291	undetermined		202941									Latin
2942	4710	11291	undetermined		202942									Latin
2945	4713	11291	undetermined		202945									Latin
2946	4714	11291	undetermined		202946									Latin
2947	4715	11291	undetermined		202947									Latin
2949	4717	11291	undetermined		202949									Latin
3872	6365	11291	undetermined		203872									Latin
3873	6366	11291	undetermined		203873									Latin
3874	6367	11291	undetermined		203874									Latin
3875	6368	11291	undetermined		203875									Latin
4631	6703	11291	undetermined		204631									Latin
4632	6704	11291	undetermined		204632									Latin
4634	6706	11291	undetermined		204634									Latin
4635	6707	11291	undetermined		204635									Latin
4636	6708	11291	undetermined		204636									Latin
4637	6709	11291	undetermined		204637									Latin
4640	6712	11291	undetermined		204640									Latin
4641	6713	11291	undetermined		204641									Latin
4642	6715	11291	undetermined		204642									Latin
4643	6714	11291	undetermined		204643									Latin
4670	6725	11291	undetermined		204670									Latin
4883	6856	11291	undetermined		204883									Latin
4884	6857	11291	undetermined		204884									Latin
4885	6858	11291	undetermined		204885									Latin
4886	6859	11291	undetermined		204886									Latin
4887	6860	11291	undetermined		204887									Latin
4888	6861	11291	undetermined		204888									Latin
4889	6862	11291	undetermined		204889									Latin
4890	6863	11291	undetermined		204890									Latin
4891	6864	11291	undetermined		204891									Latin
4892	6865	11291	undetermined		204892									Latin
4893	6866	11291	undetermined		204893									Latin
4922	6895	11291	undetermined		204922									Latin
4923	6896	11291	undetermined		204923									Latin
4924	6897	11291	undetermined		204924									Latin
4925	6898	11291	undetermined		204925									Latin
4926	6899	11291	undetermined		204926									Latin
4927	6900	11291	undetermined		204927									Latin
4928	6901	11291	undetermined		204928									Latin
4934	6907	11291	undetermined		204934									Latin
4935	6908	11291	undetermined		204935									Latin
4947	6911	11291	undetermined		204947									Latin
4951	6918	11291	undetermined		204951									Latin
4952	6919	11291	undetermined		204952									Latin
4953	6920	11291	undetermined		204953									Latin
4956	6923	11291	undetermined		204956									Latin
4957	6924	11291	undetermined		204957									Latin
4958	6925	11291	undetermined		204958									Latin
4960	6927	11291	undetermined		204960									Latin
4964	6931	11291	undetermined		204964									Latin
4977	6940	11291	undetermined		204977									Latin
4978	6941	11291	undetermined		204978									Latin
4981	6944	11291	undetermined		204981									Latin
4982	6945	11291	undetermined		204982									Latin
5076	7006	11291	undetermined		205076									Latin
5233	7116	11291	undetermined		205233						Gaza Strip			Latin
5262	7135	11291	undetermined		205262									Latin
5265	7138	11291	undetermined		205265									Latin
5399	7178	11291	undetermined		205399									Latin
5400	7179	11291	undetermined		205400									Latin
5401	7180	11291	undetermined		205401									Latin
5402	7181	11291	undetermined		205402									Latin
5403	7182	11291	undetermined		205403									Latin
5404	7183	11291	undetermined		205404									Latin
5405	7184	11291	undetermined		205405									Latin
5406	7185	11291	undetermined		205406									Latin
5407	7186	11291	undetermined		205407									Latin
5408	7187	11291	undetermined		205408									Latin
5409	7188	11291	undetermined		205409									Latin
5410	7189	11291	undetermined		205410									Latin
5411	7190	11291	undetermined		205411									Latin
5412	7191	11291	undetermined		205412									Latin
5413	7192	11291	undetermined		205413									Latin
5414	7193	11291	undetermined		205414									Latin
5415	7194	11291	undetermined		205415									Latin
5416	7195	11291	undetermined		205416									Latin
5417	7196	11291	undetermined		205417									Latin
5418	7197	11291	undetermined		205418									Latin
5419	7198	11291	undetermined		205419									Latin
5422	7200	11291	undetermined		205422									Latin
5438	7204	11291	undetermined		205438									Latin
5447	7211	11291	undetermined		205447									Latin
5448	7212	11291	undetermined		205448									Latin
5449	7213	11291	undetermined		205449									Latin
5450	7214	11291	undetermined		205450									Latin
5451	7215	11291	undetermined		205451									Latin
5452	7216	11291	undetermined		205452									Latin
5453	7217	11291	undetermined		205453									Latin
5460	7220	11291	undetermined		205460									Latin
5461	7221	11291	undetermined		205461									Latin
5462	7222	11291	undetermined		205462									Latin
5463	7223	11291	undetermined		205463									Latin
5464	7224	11291	undetermined		205464									Latin
5467	7227	11291	undetermined		205467									Latin
5468	7228	11291	undetermined		205468									Latin
5477	7234	11291	undetermined		205477									Latin
5511	7253	11291	undetermined		205511									Latin
5512	7254	11291	undetermined		205512									Latin
5514	7256	11291	undetermined		205514									Latin
5515	7257	11291	undetermined		205515									Latin
5516	7258	11291	undetermined		205516									Latin
5517	7259	11291	undetermined		205517									Latin
5520	7262	11291	undetermined		205520									Latin
5521	7263	11291	undetermined		205521									Latin
5527	7268	11291	undetermined		205527									Latin
5552	7270	11291	undetermined		205552						Kashmir			Latin
5554	7270	11291	undetermined		205554						Gaza Strip			Latin
5572	7280	11291	undetermined		205572									Latin
5710	7317	11291	undetermined		205710									Latin
5711	7318	11291	undetermined		205711									Latin
5712	7319	11291	undetermined		205712									Latin
5713	7320	11291	undetermined		205713									Latin
5757	7324	11291	undetermined		205757									Latin
5773	7331	11291	undetermined		205773									Latin
6197	7473	11291	undetermined		206197									Latin
6198	7474	11291	undetermined		206198									Latin
6199	7475	11291	undetermined		206199									Latin
6519	7637	11291	undetermined		206519									Latin
6532	7647	11291	undetermined		206532									Latin
6533	7648	11291	undetermined		206533									Latin
6534	7649	11291	undetermined		206534									Latin
6535	7650	11291	undetermined		206535									Latin
6536	7651	11291	undetermined		206536									Latin
6538	7653	11291	undetermined		206538									Latin
6540	7655	11291	undetermined		206540									Latin
6541	7656	11291	undetermined		206541									Latin
6542	7657	11291	undetermined		206542									Latin
6545	7660	11291	undetermined		206545									Latin
6546	7661	11291	undetermined		206546									Latin
6547	7662	11291	undetermined		206547									Latin
6549	7664	11291	undetermined		206549									Latin
6550	7665	11291	undetermined		206550									Latin
6551	7666	11291	undetermined		206551									Latin
6553	7668	11291	undetermined		206553									Latin
6554	7669	11291	undetermined		206554									Latin
6555	7670	11291	undetermined		206555									Latin
6556	7671	11291	undetermined		206556									Latin
6557	7672	11291	undetermined		206557									Latin
6558	7673	11291	undetermined		206558									Latin
6559	7674	11291	undetermined		206559									Latin
6562	7677	11291	undetermined		206562									Latin
6563	7678	11291	undetermined		206563									Latin
6564	7679	11291	undetermined		206564									Latin
6565	7680	11291	undetermined		206565									Latin
6566	7681	11291	undetermined		206566									Latin
6567	7682	11291	undetermined		206567									Latin
6568	7683	11291	undetermined		206568									Latin
6571	7686	11291	undetermined		206571									Latin
6572	7687	11291	undetermined		206572									Latin
6573	7688	11291	undetermined		206573									Latin
6574	7689	11291	undetermined		206574									Latin
6576	7691	11291	undetermined		206576									Latin
6577	7692	11291	undetermined		206577									Latin
6578	7693	11291	undetermined		206578									Latin
6580	7695	11291	undetermined		206580									Latin
6581	7696	11291	undetermined		206581									Latin
6582	7697	11291	undetermined		206582									Latin
6583	7698	11291	undetermined		206583									Latin
6584	7699	11291	undetermined		206584									Latin
6585	7700	11291	undetermined		206585									Latin
6586	7701	11291	undetermined		206586									Latin
6590	7705	11291	undetermined		206590									Latin
6591	7706	11291	undetermined		206591									Latin
6592	7707	11291	undetermined		206592									Latin
6593	7708	11291	undetermined		206593									Latin
6594	7709	11291	undetermined		206594									Latin
6595	7710	11291	undetermined		206595									Latin
6597	7712	11291	undetermined		206597									Latin
6598	7713	11291	undetermined		206598									Latin
6599	7714	11291	undetermined		206599									Latin
6600	7715	11291	undetermined		206600									Latin
6601	7716	11291	undetermined		206601									Latin
6602	7717	11291	undetermined		206602									Latin
6603	7718	11291	undetermined		206603									Latin
6605	7720	11291	undetermined		206605									Latin
6606	7721	11291	undetermined		206606									Latin
6608	7723	11291	undetermined		206608									Latin
6609	7724	11291	undetermined		206609									Latin
6610	7725	11291	undetermined		206610									Latin
6611	7726	11291	undetermined		206611									Latin
6612	7727	11291	undetermined		206612									Latin
6613	7728	11291	undetermined		206613									Latin
6614	7729	11291	undetermined		206614									Latin
6616	7731	11291	undetermined		206616									Latin
6617	7732	11291	undetermined		206617									Latin
6618	7733	11291	undetermined		206618									Latin
6619	7734	11291	undetermined		206619									Latin
6620	7735	11291	undetermined		206620									Latin
6621	7736	11291	undetermined		206621									Latin
6622	7737	11291	undetermined		206622									Latin
6623	7738	11291	undetermined		206623									Latin
6624	7739	11291	undetermined		206624									Latin
6625	7740	11291	undetermined		206625									Latin
6626	7741	11291	undetermined		206626									Latin
6627	7742	11291	undetermined		206627									Latin
6628	7743	11291	undetermined		206628									Latin
6629	7744	11291	undetermined		206629									Latin
6630	7745	11291	undetermined		206630									Latin
6631	7746	11291	undetermined		206631									Latin
6634	7749	11291	undetermined		206634									Latin
6636	7751	11291	undetermined		206636									Latin
6637	7752	11291	undetermined		206637									Latin
6638	7753	11291	undetermined		206638									Latin
6639	7754	11291	undetermined		206639									Latin
6640	7755	11291	undetermined		206640									Latin
6641	7756	11291	undetermined		206641									Latin
6642	7757	11291	undetermined		206642									Latin
6645	7760	11291	undetermined		206645									Latin
6646	7761	11291	undetermined		206646									Latin
6647	7762	11291	undetermined		206647									Latin
6650	7765	11291	undetermined		206650									Latin
6651	7766	11291	undetermined		206651									Latin
6652	7767	11291	undetermined		206652									Latin
6653	7768	11291	undetermined		206653									Latin
6654	7769	11291	undetermined		206654									Latin
6655	7770	11291	undetermined		206655									Latin
6656	7771	11291	undetermined		206656									Latin
6657	7772	11291	undetermined		206657									Latin
6668	7775	11291	undetermined		206668									Latin
6669	7776	11291	undetermined		206669									Latin
6670	7777	11291	undetermined		206670									Latin
6671	7778	11291	undetermined		206671									Latin
6672	7779	11291	undetermined		206672									Latin
6673	7780	11291	undetermined		206673									Latin
6675	7782	11291	undetermined		206675									Latin
6676	7783	11291	undetermined		206676									Latin
6677	7784	11291	undetermined		206677									Latin
6678	7785	11291	undetermined		206678									Latin
6679	7786	11291	undetermined		206679									Latin
6680	7787	11291	undetermined		206680									Latin
6681	7788	11291	undetermined		206681									Latin
6682	7789	11291	undetermined		206682									Latin
6683	7790	11291	undetermined		206683									Latin
6684	7791	11291	undetermined		206684									Latin
6685	7792	11291	undetermined		206685									Latin
6686	7793	11291	undetermined		206686									Latin
6687	7794	11291	undetermined		206687									Latin
6688	7795	11291	undetermined		206688									Latin
6689	7796	11291	undetermined		206689									Latin
6690	7797	11291	undetermined		206690									Latin
6691	7798	11291	undetermined		206691									Latin
6693	7800	11291	undetermined		206693									Latin
6694	7801	11291	undetermined		206694									Latin
6695	7802	11291	undetermined		206695									Latin
6696	7803	11291	undetermined		206696									Latin
6697	7804	11291	undetermined		206697									Latin
6700	7807	11291	undetermined		206700									Latin
6701	7808	11291	undetermined		206701									Latin
6702	7809	11291	undetermined		206702									Latin
6703	7810	11291	undetermined		206703									Latin
6704	7811	11291	undetermined		206704									Latin
6705	7812	11291	undetermined		206705									Latin
6706	7813	11291	undetermined		206706									Latin
6707	7814	11291	undetermined		206707									Latin
6708	7815	11291	undetermined		206708									Latin
6710	7817	11291	undetermined		206710									Latin
6711	7818	11291	undetermined		206711									Latin
6712	7819	11291	undetermined		206712									Latin
6714	7821	11291	undetermined		206714									Latin
6715	7822	11291	undetermined		206715									Latin
6720	7825	11291	undetermined		206720									Latin
6739	7827	11291	undetermined		206739									Latin
6740	7828	11291	undetermined		206740									Latin
6743	7831	11291	undetermined		206743									Latin
6756	7840	11291	undetermined		206756									Latin
6761	7843	11291	undetermined		206761									Latin
6762	7844	11291	undetermined		206762									Latin
6763	7845	11291	undetermined		206763									Latin
6764	7846	11291	undetermined		206764									Latin
6765	7847	11291	undetermined		206765									Latin
6766	7848	11291	undetermined		206766									Latin
6767	7849	11291	undetermined		206767									Latin
6768	7850	11291	undetermined		206768									Latin
6769	7851	11291	undetermined		206769									Latin
6770	7852	11291	undetermined		206770									Latin
6771	7853	11291	undetermined		206771									Latin
6772	7854	11291	undetermined		206772									Latin
6773	7855	11291	undetermined		206773									Latin
6774	7856	11291	undetermined		206774									Latin
6775	7857	11291	undetermined		206775									Latin
6776	7858	11291	undetermined		206776									Latin
6777	7859	11291	undetermined		206777									Latin
6778	7860	11291	undetermined		206778									Latin
6779	7861	11291	undetermined		206779									Latin
6780	7862	11291	undetermined		206780									Latin
6781	7863	11291	undetermined		206781									Latin
6782	7864	11291	undetermined		206782									Latin
6783	7865	11291	undetermined		206783									Latin
6784	7866	11291	undetermined		206784									Latin
6785	7867	11291	undetermined		206785									Latin
6786	7868	11291	undetermined		206786									Latin
6787	7869	11291	undetermined		206787									Latin
6788	7870	11291	undetermined		206788									Latin
6789	7871	11291	undetermined		206789									Latin
6790	7872	11291	undetermined		206790									Latin
6791	7873	11291	undetermined		206791									Latin
6792	7874	11291	undetermined		206792									Latin
6793	7875	11291	undetermined		206793									Latin
6794	7876	11291	undetermined		206794									Latin
6795	7877	11291	undetermined		206795									Latin
6796	7878	11291	undetermined		206796									Latin
6797	7879	11291	undetermined		206797									Latin
6799	7881	11291	undetermined		206799									Latin
6800	7882	11291	undetermined		206800									Latin
6801	7883	11291	undetermined		206801									Latin
6802	7884	11291	undetermined		206802									Latin
6803	7885	11291	undetermined		206803									Latin
6804	7886	11291	undetermined		206804									Latin
6805	7887	11291	undetermined		206805									Latin
6806	7888	11291	undetermined		206806									Latin
6807	7889	11291	undetermined		206807									Latin
6808	7890	11291	undetermined		206808									Latin
6809	7891	11291	undetermined		206809									Latin
6810	7892	11291	undetermined		206810									Latin
6811	7893	11291	undetermined		206811									Latin
6812	7894	11291	undetermined		206812									Latin
6813	7895	11291	undetermined		206813									Latin
6814	7896	11291	undetermined		206814									Latin
6815	7897	11291	undetermined		206815									Latin
6834	7912	11291	undetermined		206834									Latin
6837	7915	11291	undetermined		206837						Gaza Strip			Latin
6846	7921	11291	undetermined		206846									Latin
6849	7924	11291	undetermined		206849									Latin
6850	7925	11291	undetermined		206850									Latin
6852	7927	11291	undetermined		206852									Latin
6853	7928	11291	undetermined		206853									Latin
6854	7929	11291	undetermined		206854									Latin
6857	7932	11291	undetermined		206857									Latin
6858	7933	11291	undetermined		206858									Latin
6859	7934	11291	undetermined		206859									Latin
6860	7935	11291	undetermined		206860									Latin
6861	7936	11291	undetermined		206861									Latin
6863	7938	11291	undetermined		206863									Latin
7221	8084	11291	undetermined		207221									Latin
7223	8086	11291	undetermined		207223									Latin
7224	8087	11291	undetermined		207224									Latin
7241	8104	11291	undetermined		207241									Latin
7242	8105	11291	undetermined		207242									Latin
7243	8106	11291	undetermined		207243									Latin
7253	8111	11291	undetermined		207253									Latin
7254	8112	11291	undetermined		207254									Latin
7255	8113	11291	undetermined		207255									Latin
7256	8114	11291	undetermined		207256									Latin
7257	8115	11291	undetermined		207257									Latin
7258	8116	11291	undetermined		207258									Latin
7259	8117	11291	undetermined		207259									Latin
7260	8118	11291	undetermined		207260									Latin
7261	8119	11291	undetermined		207261									Latin
7262	8120	11291	undetermined		207262									Latin
7264	8122	11291	undetermined		207264									Latin
7265	8123	11291	undetermined		207265									Latin
7281	8133	11291	undetermined		207281									Latin
7381	8140	11291	undetermined		207381									Latin
7385	8144	11291	undetermined		207385									Latin
7388	8147	11291	undetermined		207388									Latin
7390	8149	11291	undetermined		207390									Latin
7392	8151	11291	undetermined		207392									Latin
7394	8153	11291	undetermined		207394									Latin
7395	8154	11291	undetermined		207395									Latin
7397	8156	11291	undetermined		207397									Latin
7404	8163	11291	undetermined		207404									Latin
7434	8175	11291	undetermined		207434									Latin
7469	8187	11291	undetermined		207469									Latin
7470	8188	11291	undetermined		207470									Latin
7479	8197	11291	undetermined		207479									Latin
7480	8198	11291	undetermined		207480									Latin
7534	8219	11291	undetermined		207534									Latin
7535	8220	11291	undetermined		207535									Latin
7536	8221	11291	undetermined		207536									Latin
7537	8222	11291	undetermined		207537									Latin
7553	8230	11291	undetermined		207553									Latin
7554	8231	11291	undetermined		207554									Latin
7660	8234	11291	undetermined		207660									Latin
7661	8235	11291	undetermined		207661									Latin
7665	8239	11291	undetermined		207665									Latin
7666	8240	11291	undetermined		207666									Latin
7667	8241	11291	undetermined		207667									Latin
7669	8243	11291	undetermined		207669									Latin
7758	8263	11291	undetermined		207758									Latin
7759	8264	11291	undetermined		207759									Latin
7799	8276	11291	undetermined		207799									Latin
7800	8277	11291	undetermined		207800									Latin
7802	8279	11291	undetermined		207802									Latin
7818	8294	11291	undetermined		207818									Latin
8183	8315	11291	undetermined		208183									Latin
8198	8329	11291	undetermined		208198									Latin
8289	8409	11291	undetermined		208289			5903 Harper Road			Solon			Latin
8318	8418	11291	undetermined		208318			House 21, Lane 17, Subdivision 603, Dragh District			Al-Mansour			Latin
8319	8419	11291	undetermined		208319									Latin
8322	8420	11291	undetermined		208322			131/13 Sukhumvit Road, Klongtoey Neua sub-district			Wattana District			Latin
9754	8591	11291	undetermined		209754									Latin
9820	8595	11291	undetermined		209820									Latin
9821	8596	11291	undetermined		209821									Latin
9826	8599	11291	undetermined		209826			c/o INTERCONTINENTAL DE AVIACION			S.A.			Latin
10139	8759	11291	undetermined		210139									Latin
10285	8800	11291	undetermined		210285									Latin
10286	8801	11291	undetermined		210286									Latin
10287	8802	11291	undetermined		210287									Latin
10288	8803	11291	undetermined		210288									Latin
10289	8804	11291	undetermined		210289									Latin
10290	8805	11291	undetermined		210290									Latin
10301	8807	11291	undetermined		210301									Latin
10320	8815	11291	undetermined		210320									Latin
10321	8816	11291	undetermined		210321									Latin
10323	8818	11291	undetermined		210323									Latin
10324	8819	11291	undetermined		210324									Latin
10473	8867	11291	undetermined		210473									Latin
10531	8885	11291	undetermined		210531									Latin
11508	9334	11291	undetermined		211508									Latin
11781	9483	11291	undetermined		211781									Latin
11782	9484	11291	undetermined		211782									Latin
11783	9485	11291	undetermined		211783									Latin
11784	9486	11291	undetermined		211784									Latin
12037	9583	11291	undetermined		212037									Latin
12038	9584	11291	undetermined		212038									Latin
12039	9585	11291	undetermined		212039									Latin
12101	9608	11291	undetermined		212101									Latin
12114	9614	11291	undetermined		212114									Latin
12115	9615	11291	undetermined		212115									Latin
12116	9616	11291	undetermined		212116									Latin
12117	9617	11291	undetermined		212117									Latin
12122	9620	11291	undetermined		212122									Latin
12123	9621	11291	undetermined		212123									Latin
12217	9761	11291	undetermined		212217									Latin
12218	9762	11291	undetermined		212218									Latin
12224	9766	11291	undetermined		212224									Latin
12226	9768	11291	undetermined		212226									Latin
12227	9769	11291	undetermined		212227									Latin
12228	9770	11291	undetermined		212228									Latin
12229	9771	11291	undetermined		212229									Latin
12335	9797	11291	undetermined		212335									Latin
12866	9898	11291	undetermined		212866									Latin
12948	9932	11291	undetermined		212948									Latin
12956	9935	11291	undetermined		212956									Latin
13168	10009	11291	undetermined		213168									Latin
13169	10010	11291	undetermined		213169									Latin
13172	10011	11291	undetermined		213172									Latin
13207	10030	11291	undetermined		213207									Latin
13210	10033	11291	undetermined		213210									Latin
13211	10034	11291	undetermined		213211									Latin
13212	10035	11291	undetermined		213212									Latin
13213	10036	11291	undetermined		213213									Latin
13245	10042	11291	undetermined		213245									Latin
13246	10043	11291	undetermined		213246									Latin
13249	10045	11291	undetermined		213249									Latin
13260	10050	11291	undetermined		213260									Latin
13500	10119	11291	undetermined		213500									Latin
13542	10136	11291	undetermined		213542									Latin
13543	10137	11291	undetermined		213543									Latin
13545	10139	11291	undetermined		213545									Latin
13546	10140	11291	undetermined		213546									Latin
13548	10142	11291	undetermined		213548									Latin
13562	10148	11291	undetermined		213562									Latin
13578	10154	11291	undetermined		213578									Latin
13579	10155	11291	undetermined		213579									Latin
13917	10325	11291	undetermined		213917									Latin
13938	10271	11291	undetermined		213938									Latin
13948	10278	11291	undetermined		213948									Latin
13954	10327	11291	undetermined		213954									Latin
13956	10329	11291	undetermined		213956									Latin
13957	10330	11291	undetermined		213957									Latin
14245	10414	11291	undetermined		214245									Latin
14246	10415	11291	undetermined		214246									Latin
14395	10475	11291	undetermined		214395									Latin
14396	10476	11291	undetermined		214396									Latin
14400	10479	11291	undetermined		214400									Latin
14401	10480	11291	undetermined		214401									Latin
14402	10481	11291	undetermined		214402									Latin
14404	10483	11291	undetermined		214404									Latin
14618	10566	11291	undetermined		214618									Latin
14624	10568	11291	undetermined		214624									Latin
14625	10569	11291	undetermined		214625									Latin
14675	10581	11291	undetermined		214675									Latin
14676	10582	11291	undetermined		214676									Latin
14677	10583	11291	undetermined		214677									Latin
15042	10665	11291	undetermined		215042									Latin
15088	10691	11291	undetermined		215088									Latin
15198	10725	11291	undetermined		215198									Latin
15232	10742	11291	undetermined		215232									Latin
15516	10851	11291	undetermined		215516									Latin
15534	10860	11291	undetermined		215534									Latin
15535	10861	11291	undetermined		215535									Latin
15675	10891	11291	undetermined		215675									Latin
15683	10895	11291	undetermined		215683									Latin
15684	10896	11291	undetermined		215684									Latin
15685	10897	11291	undetermined		215685									Latin
15806	10928	11291	undetermined		215806									Latin
15829	10934	11291	undetermined		215829									Latin
15830	10935	11291	undetermined		215830									Latin
15831	10936	11291	undetermined		215831									Latin
15832	10937	11291	undetermined		215832									Latin
16235	11170	11291	undetermined		216235									Latin
16239	11173	11291	undetermined		216239									Latin
16241	11174	11291	undetermined		216241									Latin
16571	11311	11291	undetermined		216571									Latin
16572	11312	11291	undetermined		216572									Latin
16573	11313	11291	undetermined		216573									Latin
16639	11353	11291	undetermined		216639									Latin
16644	11357	11291	undetermined		216644									Latin
16645	11358	11291	undetermined		216645									Latin
16647	11360	11291	undetermined		216647									Latin
16648	11361	11291	undetermined		216648									Latin
16649	11362	11291	undetermined		216649									Latin
16650	11363	11291	undetermined		216650									Latin
16653	11365	11291	undetermined		216653									Latin
16654	11366	11291	undetermined		216654									Latin
16672	11376	11291	undetermined		216672									Latin
16673	11377	11291	undetermined		216673									Latin
16674	11378	11291	undetermined		216674									Latin
16675	11379	11291	undetermined		216675									Latin
16676	11380	11291	undetermined		216676									Latin
17146	11494	11291	undetermined		217146									Latin
17147	11495	11291	undetermined		217147									Latin
17398	11600	11291	undetermined		217398									Latin
17399	11601	11291	undetermined		217399									Latin
17400	11602	11291	undetermined		217400									Latin
17518	11646	11291	undetermined		217518									Latin
17742	11741	11291	undetermined		217742									Latin
17753	11746	11291	undetermined		217753									Latin
17868	11803	11291	undetermined		217868									Latin
18207	11968	11291	undetermined		218207									Latin
18212	11971	11291	undetermined		218212									Latin
18213	11972	11291	undetermined		218213									Latin
18216	11974	11291	undetermined		218216									Latin
18217	11975	11291	undetermined		218217									Latin
18218	11976	11291	undetermined		218218									Latin
18225	11982	11291	undetermined		218225									Latin
18272	12016	11291	undetermined		218272									Latin
18277	12019	11291	undetermined		218277									Latin
18284	12022	11291	undetermined		218284									Latin
18285	12023	11291	undetermined		218285									Latin
18459	12109	11291	undetermined		218459									Latin
18461	12110	11291	undetermined		218461									Latin
18464	12112	11291	undetermined		218464									Latin
18471	12116	11291	undetermined		218471									Latin
18474	12118	11291	undetermined		218474									Latin
18490	12127	11291	undetermined		218490									Latin
18491	12128	11291	undetermined		218491									Latin
18492	12129	11291	undetermined		218492									Latin
18529	12146	11291	undetermined		218529									Latin
18688	12211	11291	undetermined		218688									Latin
18785	12251	11291	undetermined		218785									Latin
18786	12252	11291	undetermined		218786									Latin
18787	12253	11291	undetermined		218787									Latin
18788	12254	11291	undetermined		218788									Latin
18791	12256	11291	undetermined		218791									Latin
18792	12257	11291	undetermined		218792									Latin
18867	12293	11291	undetermined		218867									Latin
19036	12321	11291	undetermined		219036									Latin
19037	12322	11291	undetermined		219037									Latin
19055	12327	11291	undetermined		219055									Latin
19064	12330	11291	undetermined		219064									Latin
19288	12403	11291	undetermined		219288									Latin
19289	12404	11291	undetermined		219289									Latin
19392	12450	11291	undetermined		219392									Latin
19691	12555	11291	undetermined		219691									Latin
19696	12558	11291	undetermined		219696									Latin
19698	12559	11291	undetermined		219698									Latin
19699	12560	11291	undetermined		219699									Latin
19709	12562	11291	undetermined		219709									Latin
19732	12575	11291	undetermined		219732									Latin
19733	12576	11291	undetermined		219733									Latin
19734	12577	11291	undetermined		219734									Latin
19735	12578	11291	undetermined		219735									Latin
19736	12579	11291	undetermined		219736									Latin
19804	12594	11291	undetermined		219804									Latin
19805	12595	11291	undetermined		219805									Latin
19808	12597	11291	undetermined		219808									Latin
19812	12599	11291	undetermined		219812									Latin
19828	12606	11291	undetermined		219828									Latin
19829	12607	11291	undetermined		219829									Latin
19830	12608	11291	undetermined		219830									Latin
19831	12609	11291	undetermined		219831									Latin
19866	12626	11291	undetermined		219866									Latin
19867	12627	11291	undetermined		219867									Latin
19868	12628	11291	undetermined		219868									Latin
19869	12629	11291	undetermined		219869									Latin
19871	12631	11291	undetermined		219871									Latin
19873	12633	11291	undetermined		219873									Latin
19874	12634	11291	undetermined		219874									Latin
19875	12635	11291	undetermined		219875									Latin
19949	12667	11291	undetermined		219949									Latin
19950	12668	11291	undetermined		219950									Latin
19951	12669	11291	undetermined		219951									Latin
19975	12684	11291	undetermined		219975									Latin
19982	12688	11291	undetermined		219982									Latin
19983	12689	11291	undetermined		219983									Latin
19984	12690	11291	undetermined		219984									Latin
20049	12722	11291	undetermined		220049									Latin
20065	12733	11291	undetermined		220065									Latin
20070	12736	11291	undetermined		220070									Latin
20071	12737	11291	undetermined		220071									Latin
20072	12738	11291	undetermined		220072									Latin
20074	12740	11291	undetermined		220074									Latin
20087	12748	11291	undetermined		220087									Latin
20088	12749	11291	undetermined		220088									Latin
20089	12750	11291	undetermined		220089									Latin
20090	12741	11291	undetermined		220090									Latin
20095	12753	11291	undetermined		220095									Latin
20096	12754	11291	undetermined		220096									Latin
20097	12755	11291	undetermined		220097									Latin
20098	12756	11291	undetermined		220098									Latin
20121	12762	11291	undetermined		220121									Latin
20122	12763	11291	undetermined		220122									Latin
20173	12787	11291	undetermined		220173									Latin
20191	12795	11291	undetermined		220191									Latin
20192	12796	11291	undetermined		220192									Latin
20193	12797	11291	undetermined		220193									Latin
20194	12798	11291	undetermined		220194									Latin
20255	12812	11291	undetermined		220255									Latin
20278	12823	11291	undetermined		220278									Latin
20301	12837	11291	undetermined		220301									Latin
20303	12839	11291	undetermined		220303									Latin
20304	12840	11291	undetermined		220304									Latin
20305	12841	11291	undetermined		220305									Latin
20306	12842	11291	undetermined		220306									Latin
20307	12843	11291	undetermined		220307									Latin
20310	12824	11291	undetermined		220310									Latin
20369	12864	11291	undetermined		220369									Latin
20375	12868	11291	undetermined		220375									Latin
20380	12872	11291	undetermined		220380									Latin
20381	12873	11291	undetermined		220381									Latin
20388	12880	11291	undetermined		220388									Latin
20407	12888	11291	undetermined		220407									Latin
20408	12889	11291	undetermined		220408									Latin
20409	12890	11291	undetermined		220409									Latin
20484	12915	11291	undetermined		220484									Latin
20487	12917	11291	undetermined		220487									Latin
20488	12918	11291	undetermined		220488									Latin
20489	12919	11291	undetermined		220489									Latin
20491	12921	11291	undetermined		220491									Latin
20494	12923	11291	undetermined		220494									Latin
20496	12924	11291	undetermined		220496									Latin
20508	12930	11291	undetermined		220508									Latin
20533	12940	11291	undetermined		220533									Latin
20541	12945	11291	undetermined		220541									Latin
20542	12946	11291	undetermined		220542									Latin
20575	12958	11291	undetermined		220575									Latin
20577	12960	11291	undetermined		220577									Latin
20633	12994	11291	undetermined		220633			c/o GLOBAL TECHNOLOGY IMPORT & EXPORT, S.A. (GTI)						Latin
20646	13000	11291	undetermined		220646									Latin
20648	13002	11291	undetermined		220648									Latin
20671	13004	11291	undetermined		220671			c/o DISPOSITIVOS INDUSTRIALES DINAMICOS, S.A. DE C.V.						Latin
20672	13004	11291	undetermined		220672			c/o SCUADRA FORTIA, S.A. DE C.V.						Latin
20673	13004	11291	undetermined		220673			c/o TECNOLOGIA OPTIMA CORPORATIVA S. DE R.L. DE C.V.						Latin
20674	13004	11291	undetermined		220674			c/o DISTRIBUIDORA LIFE, S.A.						Latin
20675	13004	11291	undetermined		220675			c/o EL PALOMAR CAR WASH, S.A. DE C.V.						Latin
20676	13004	11291	undetermined		220676			c/o DISTRIBUIDORA MEDICA HOSPITALARIA, S.A. DE C.V.						Latin
20677	13004	11291	undetermined		220677			c/o GEOFARMA S.A. DE C.V.						Latin
20678	13004	11291	undetermined		220678			c/o GRUPO COMERCIAL SAN BLAS, S.A. DE C.V.						Latin
20679	13004	11291	undetermined		220679			c/o GRUPO F Y F MEDICAL INTERNACIONAL DE EQUIPOS						Latin
20680	13004	11291	undetermined		220680			c/o PUNTO FARMACEUTICO S.A. DE C.V.						Latin
20690	13005	11291	undetermined		220690			c/o DESARROLLOS INMOBILIARIOS CITADEL, S.A. DE C.V.						Latin
20691	13005	11291	undetermined		220691			c/o DESARROLLOS TURISTICOS FORTIA, S.A. DE C.V.						Latin
20692	13005	11291	undetermined		220692			c/o SCUADRA FORTIA, S.A. DE C.V.						Latin
20693	13005	11291	undetermined		220693			c/o UNION ABARROTERO DE JALISCO S.C. DE R.L. DE C.V.						Latin
20694	13005	11291	undetermined		220694			c/o EL PALOMAR CAR WASH, S.A. DE C.V.						Latin
20695	13005	11291	undetermined		220695			c/o FORTIA BAJA SUR, S.A. DE C.V.						Latin
20696	13005	11291	undetermined		220696			c/o GEOFARMA S.A. DE C.V.						Latin
20697	13005	11291	undetermined		220697			c/o GRUPO COMERCIAL SAN BLAS, S.A. DE C.V.						Latin
20698	13005	11291	undetermined		220698			c/o GRUPO F Y F MEDICAL INTERNACIONAL DE EQUIPOS						Latin
20699	13005	11291	undetermined		220699			c/o PROMOCIONES CITADEL, S.A. DE C.V.						Latin
20700	13005	11291	undetermined		220700			c/o PUNTO FARMACEUTICO S.A. DE C.V.						Latin
20701	13005	11291	undetermined		220701			c/o DESARROLLO ARQUITECTONICO FORTIA, S.A. DE C.V.						Latin
20745	13028	11291	undetermined		220745									Latin
20746	13029	11291	undetermined		220746									Latin
20832	13060	11291	undetermined		220832			c/o GELERI IMPORT EXPORT S.R.L.						Latin
20833	13060	11291	undetermined		220833			c/o MEGA GROUP S.R.L.						Latin
20834	13061	11291	undetermined		220834									Latin
20835	13062	11291	undetermined		220835									Latin
20837	13063	11291	undetermined		220837			c/o MEGA GROUP S.R.L.						Latin
20838	13063	11291	undetermined		220838			c/o GELRO IMPEX S.R.L.						Latin
20853	13072	11291	undetermined		220853									Latin
20854	13073	11291	undetermined		220854									Latin
20902	13090	11291	undetermined		220902									Latin
20905	13091	11291	undetermined		220905									Latin
20931	12788	11291	undetermined		220931									Latin
20944	13105	11291	undetermined		220944									Latin
20945	13106	11291	undetermined		220945									Latin
20946	13107	11291	undetermined		220946									Latin
20951	13112	11291	undetermined		220951									Latin
20985	13125	11291	undetermined		220985									Latin
20986	13126	11291	undetermined		220986									Latin
20987	13127	11291	undetermined		220987									Latin
21023	13153	11291	undetermined		221023									Latin
21024	13154	11291	undetermined		221024									Latin
21028	13157	11291	undetermined		221028									Latin
21040	13166	11291	undetermined		221040									Latin
21047	13171	11291	undetermined		221047									Latin
21048	13172	11291	undetermined		221048									Latin
21317	13346	11291	undetermined		221317									Latin
21321	13350	11291	undetermined		221321									Latin
21322	13351	11291	undetermined		221322									Latin
21336	13357	11291	undetermined		221336									Latin
21352	13367	11291	undetermined		221352									Latin
21353	13368	11291	undetermined		221353									Latin
21364	13377	11291	undetermined		221364									Latin
21412	13396	11291	undetermined		221412									Latin
21611	13471	11291	undetermined		221611									Latin
21632	13124	11291	undetermined		221632									Latin
21633	15012	11291	undetermined		221633									Latin
22304	13480	11291	undetermined		222304									Latin
22312	12992	11291	undetermined		222312									Latin
22372	15036	11291	undetermined		222372									Latin
22373	15037	11291	undetermined		222373									Latin
22374	15038	11291	undetermined		222374									Latin
22375	15039	11291	undetermined		222375									Latin
22376	15040	11291	undetermined		222376									Latin
22377	15041	11291	undetermined		222377									Latin
22378	15042	11291	undetermined		222378									Latin
22379	15043	11291	undetermined		222379									Latin
22380	15044	11291	undetermined		222380									Latin
22381	15045	11291	undetermined		222381									Latin
22382	15046	11291	undetermined		222382									Latin
22383	15047	11291	undetermined		222383									Latin
22384	15048	11291	undetermined		222384									Latin
22385	15049	11291	undetermined		222385									Latin
22386	15050	11291	undetermined		222386									Latin
22387	15051	11291	undetermined		222387									Latin
22388	15052	11291	undetermined		222388									Latin
22389	15053	11291	undetermined		222389									Latin
22390	15054	11291	undetermined		222390									Latin
22391	15055	11291	undetermined		222391									Latin
22392	15056	11291	undetermined		222392									Latin
22393	15057	11291	undetermined		222393									Latin
22394	15058	11291	undetermined		222394									Latin
22395	15059	11291	undetermined		222395									Latin
22396	15060	11291	undetermined		222396									Latin
22397	15061	11291	undetermined		222397									Latin
22398	15062	11291	undetermined		222398									Latin
22404	15068	11291	undetermined		222404									Latin
22406	15070	11291	undetermined		222406									Latin
22409	15073	11291	undetermined		222409									Latin
22410	15074	11291	undetermined		222410									Latin
22411	15075	11291	undetermined		222411									Latin
22412	15076	11291	undetermined		222412									Latin
22413	15077	11291	undetermined		222413									Latin
22414	15078	11291	undetermined		222414									Latin
22415	15079	11291	undetermined		222415									Latin
22416	15080	11291	undetermined		222416									Latin
22417	15081	11291	undetermined		222417									Latin
22418	15082	11291	undetermined		222418									Latin
22420	15084	11291	undetermined		222420									Latin
22421	15085	11291	undetermined		222421									Latin
22422	15086	11291	undetermined		222422									Latin
22423	15087	11291	undetermined		222423									Latin
22424	15088	11291	undetermined		222424									Latin
22425	15089	11291	undetermined		222425									Latin
22426	15090	11291	undetermined		222426									Latin
22427	15091	11291	undetermined		222427									Latin
22428	15092	11291	undetermined		222428									Latin
22429	15093	11291	undetermined		222429									Latin
22431	15095	11291	undetermined		222431									Latin
22467	15107	11291	undetermined		222467									Latin
22553	15147	11291	undetermined		222553									Latin
22655	15193	11291	undetermined		222655									Latin
22656	15194	11291	undetermined		222656									Latin
22657	15195	11291	undetermined		222657									Latin
22658	15196	11291	undetermined		222658									Latin
22659	15197	11291	undetermined		222659									Latin
22660	15198	11291	undetermined		222660									Latin
22661	15199	11291	undetermined		222661									Latin
22662	15200	11291	undetermined		222662									Latin
22663	15201	11291	undetermined		222663									Latin
22664	15202	11291	undetermined		222664									Latin
22665	15203	11291	undetermined		222665									Latin
22666	15204	11291	undetermined		222666									Latin
22667	15205	11291	undetermined		222667									Latin
22668	15206	11291	undetermined		222668									Latin
22669	15207	11291	undetermined		222669									Latin
22670	15208	11291	undetermined		222670									Latin
22682	15216	11291	undetermined		222682									Latin
22684	15218	11291	undetermined		222684									Latin
22685	15219	11291	undetermined		222685									Latin
22686	15220	11291	undetermined		222686									Latin
22687	15221	11291	undetermined		222687									Latin
22689	15222	11291	undetermined		222689									Latin
22690	15223	11291	undetermined		222690									Latin
22691	15224	11291	undetermined		222691									Latin
22692	15225	11291	undetermined		222692									Latin
22693	15226	11291	undetermined		222693									Latin
22694	15227	11291	undetermined		222694									Latin
22695	15228	11291	undetermined		222695									Latin
22699	15229	11291	undetermined		222699									Latin
22700	15230	11291	undetermined		222700									Latin
22701	15231	11291	undetermined		222701									Latin
22702	15232	11291	undetermined		222702									Latin
22703	15233	11291	undetermined		222703									Latin
22711	15238	11291	undetermined		222711									Latin
22714	15241	11291	undetermined		222714									Latin
22735	15252	11291	undetermined		222735									Latin
22736	15253	11291	undetermined		222736									Latin
22737	15254	11291	undetermined		222737									Latin
22738	15255	11291	undetermined		222738									Latin
22739	15256	11291	undetermined		222739									Latin
22740	15257	11291	undetermined		222740									Latin
22741	15258	11291	undetermined		222741									Latin
22742	15259	11291	undetermined		222742									Latin
22969	15413	11291	undetermined		222969									Latin
22972	15415	11291	undetermined		222972									Latin
22973	15416	11291	undetermined		222973									Latin
22974	15417	11291	undetermined		222974									Latin
22977	15419	11291	undetermined		222977									Latin
22998	15432	11291	undetermined		222998									Latin
22999	15433	11291	undetermined		222999									Latin
23000	15434	11291	undetermined		223000									Latin
23001	15435	11291	undetermined		223001									Latin
23002	15436	11291	undetermined		223002									Latin
23003	15437	11291	undetermined		223003									Latin
23004	15438	11291	undetermined		223004									Latin
23005	15439	11291	undetermined		223005									Latin
23006	15440	11291	undetermined		223006									Latin
23007	15441	11291	undetermined		223007									Latin
23008	15442	11291	undetermined		223008									Latin
23009	15443	11291	undetermined		223009									Latin
23010	15444	11291	undetermined		223010									Latin
23011	15445	11291	undetermined		223011									Latin
23015	15449	11291	undetermined		223015									Latin
23016	15450	11291	undetermined		223016									Latin
23017	15451	11291	undetermined		223017									Latin
23018	15452	11291	undetermined		223018									Latin
23019	15453	11291	undetermined		223019									Latin
23020	15454	11291	undetermined		223020									Latin
23021	15455	11291	undetermined		223021									Latin
23022	15456	11291	undetermined		223022									Latin
23023	15457	11291	undetermined		223023									Latin
23024	15458	11291	undetermined		223024									Latin
23025	15459	11291	undetermined		223025									Latin
23027	15461	11291	undetermined		223027									Latin
23028	15462	11291	undetermined		223028									Latin
23029	15463	11291	undetermined		223029									Latin
23030	15464	11291	undetermined		223030									Latin
23031	15465	11291	undetermined		223031									Latin
23032	15466	11291	undetermined		223032									Latin
23033	15467	11291	undetermined		223033									Latin
23034	15468	11291	undetermined		223034									Latin
23035	15469	11291	undetermined		223035									Latin
23036	15470	11291	undetermined		223036									Latin
23037	15471	11291	undetermined		223037									Latin
23038	15472	11291	undetermined		223038									Latin
23039	15473	11291	undetermined		223039									Latin
23040	15474	11291	undetermined		223040									Latin
23041	15475	11291	undetermined		223041									Latin
23042	15476	11291	undetermined		223042									Latin
23043	15477	11291	undetermined		223043									Latin
23044	15478	11291	undetermined		223044									Latin
23047	15481	11291	undetermined		223047									Latin
23048	15482	11291	undetermined		223048									Latin
23057	15488	11291	undetermined		223057									Latin
23115	15515	11291	undetermined		223115									Latin
23122	15517	11291	undetermined		223122									Latin
23126	15520	11291	undetermined		223126									Latin
23130	15522	11291	undetermined		223130									Latin
23134	15525	11291	undetermined		223134									Latin
23140	15527	11291	undetermined		223140									Latin
23141	15528	11291	undetermined		223141									Latin
23188	15550	11291	undetermined		223188									Latin
23190	15552	11291	undetermined		223190									Latin
23191	15553	11291	undetermined		223191									Latin
23196	15556	11291	undetermined		223196									Latin
23197	15557	11291	undetermined		223197									Latin
23198	15558	11291	undetermined		223198									Latin
23199	15559	11291	undetermined		223199									Latin
23211	15566	11291	undetermined		223211									Latin
23212	15567	11291	undetermined		223212									Latin
23213	15568	11291	undetermined		223213									Latin
23215	15570	11291	undetermined		223215									Latin
23219	15573	11291	undetermined		223219									Latin
23267	15584	11291	undetermined		223267									Latin
23274	15587	11291	undetermined		223274									Latin
23275	15588	11291	undetermined		223275									Latin
23278	15590	11291	undetermined		223278									Latin
23279	15591	11291	undetermined		223279									Latin
23282	15593	11291	undetermined		223282									Latin
23283	15594	11291	undetermined		223283									Latin
23284	15595	11291	undetermined		223284									Latin
23285	15596	11291	undetermined		223285									Latin
23300	15606	11291	undetermined		223300									Latin
23306	15610	11291	undetermined		223306									Latin
23310	15613	11291	undetermined		223310									Latin
23311	15614	11291	undetermined		223311									Latin
23312	15615	11291	undetermined		223312									Latin
23314	15617	11291	undetermined		223314									Latin
23315	15618	11291	undetermined		223315									Latin
23316	15619	11291	undetermined		223316									Latin
23317	15620	11291	undetermined		223317									Latin
23318	15621	11291	undetermined		223318									Latin
23319	15622	11291	undetermined		223319									Latin
23320	15623	11291	undetermined		223320									Latin
23321	15624	11291	undetermined		223321									Latin
23322	15625	11291	undetermined		223322									Latin
23323	15626	11291	undetermined		223323									Latin
23324	15627	11291	undetermined		223324									Latin
23325	15628	11291	undetermined		223325									Latin
23326	15629	11291	undetermined		223326									Latin
23327	15630	11291	undetermined		223327									Latin
23344	15640	11291	undetermined		223344									Latin
23364	15647	11291	undetermined		223364									Latin
23367	15649	11291	undetermined		223367									Latin
23368	15650	11291	undetermined		223368									Latin
23373	15653	11291	undetermined		223373									Latin
23399	15665	11291	undetermined		223399									Latin
23402	15667	11291	undetermined		223402									Latin
23403	15668	11291	undetermined		223403									Latin
23425	15678	11291	undetermined		223425									Latin
23455	15663	11291	undetermined		223455									Latin
23456	15662	11291	undetermined		223456									Latin
23471	15701	11291	undetermined		223471									Latin
23475	15705	11291	undetermined		223475									Latin
23497	15717	11291	undetermined		223497									Latin
23498	15718	11291	undetermined		223498									Latin
23499	15719	11291	undetermined		223499									Latin
23505	15725	11291	undetermined		223505									Latin
23507	15727	11291	undetermined		223507									Latin
23509	15729	11291	undetermined		223509									Latin
23535	15740	11291	undetermined		223535									Latin
23536	15741	11291	undetermined		223536									Latin
23537	15742	11291	undetermined		223537									Latin
23538	15743	11291	undetermined		223538									Latin
23539	15744	11291	undetermined		223539									Latin
23540	15745	11291	undetermined		223540									Latin
23541	15746	11291	undetermined		223541									Latin
23542	15747	11291	undetermined		223542									Latin
23543	15748	11291	undetermined		223543									Latin
23544	15749	11291	undetermined		223544									Latin
23568	15751	11291	undetermined		223568									Latin
23569	15752	11291	undetermined		223569									Latin
23571	15753	11291	undetermined		223571									Latin
23574	15754	11291	undetermined		223574									Latin
23576	15755	11291	undetermined		223576									Latin
23577	15756	11291	undetermined		223577									Latin
23578	15757	11291	undetermined		223578									Latin
23579	15758	11291	undetermined		223579									Latin
23581	15759	11291	undetermined		223581									Latin
23583	15760	11291	undetermined		223583									Latin
23584	15761	11291	undetermined		223584									Latin
23585	15762	11291	undetermined		223585									Latin
23586	15763	11291	undetermined		223586									Latin
23605	15766	11291	undetermined		223605									Latin
23610	15769	11291	undetermined		223610									Latin
23611	15770	11291	undetermined		223611									Latin
23660	15783	11291	undetermined		223660									Latin
23661	15784	11291	undetermined		223661									Latin
23664	15786	11291	undetermined		223664									Latin
23665	15787	11291	undetermined		223665									Latin
23682	15801	11291	undetermined		223682									Latin
23688	15804	11291	undetermined		223688									Latin
23752	15836	11291	undetermined		223752									Latin
23801	15859	11291	undetermined		223801									Latin
23859	15879	11291	undetermined		223859									Latin
23860	15880	11291	undetermined		223860									Latin
23861	15881	11291	undetermined		223861									Latin
23862	15882	11291	undetermined		223862									Latin
23867	15885	11291	undetermined		223867									Latin
23868	15886	11291	undetermined		223868									Latin
23871	15888	11291	undetermined		223871									Latin
23872	15889	11291	undetermined		223872									Latin
23873	15890	11291	undetermined		223873									Latin
23874	15891	11291	undetermined		223874									Latin
23876	15893	11291	undetermined		223876									Latin
23877	15894	11291	undetermined		223877									Latin
23878	15895	11291	undetermined		223878									Latin
23879	15896	11291	undetermined		223879									Latin
23880	15897	11291	undetermined		223880									Latin
23881	15898	11291	undetermined		223881									Latin
23883	15900	11291	undetermined		223883									Latin
23884	15901	11291	undetermined		223884									Latin
23889	15902	11291	undetermined		223889									Latin
23890	15903	11291	undetermined		223890									Latin
23891	15904	11291	undetermined		223891									Latin
23892	15905	11291	undetermined		223892									Latin
23893	15906	11291	undetermined		223893									Latin
23894	15907	11291	undetermined		223894									Latin
23895	15908	11291	undetermined		223895									Latin
23901	15911	11291	undetermined		223901									Latin
23907	15276	11291	undetermined		223907									Latin
23928	15923	11291	undetermined		223928									Latin
23962	15949	11291	undetermined		223962									Latin
23988	15961	11291	undetermined		223988									Latin
23989	15962	11291	undetermined		223989									Latin
23991	15964	11291	undetermined		223991									Latin
23992	15965	11291	undetermined		223992									Latin
24002	15970	11291	undetermined		224002									Latin
24003	15971	11291	undetermined		224003									Latin
24004	15972	11291	undetermined		224004									Latin
24005	15973	11291	undetermined		224005									Latin
24006	15974	11291	undetermined		224006									Latin
24007	15975	11291	undetermined		224007									Latin
24012	15978	11291	undetermined		224012									Latin
24013	15979	11291	undetermined		224013									Latin
24023	15982	11291	undetermined		224023									Latin
24028	15986	11291	undetermined		224028									Latin
24042	15995	11291	undetermined		224042									Latin
24043	15996	11291	undetermined		224043									Latin
24044	15997	11291	undetermined		224044									Latin
24045	15998	11291	undetermined		224045									Latin
24046	15999	11291	undetermined		224046									Latin
24063	16008	11291	undetermined		224063									Latin
24107	16025	11291	undetermined		224107									Latin
24171	16083	11291	undetermined		224171									Latin
24172	16084	11291	undetermined		224172									Latin
24207	16101	11291	undetermined		224207									Latin
24239	16128	11291	undetermined		224239									Latin
24240	16129	11291	undetermined		224240									Latin
24241	16130	11291	undetermined		224241									Latin
24242	16131	11291	undetermined		224242									Latin
24243	16132	11291	undetermined		224243									Latin
24245	16134	11291	undetermined		224245									Latin
24253	16139	11291	undetermined		224253									Latin
24254	16140	11291	undetermined		224254									Latin
24255	16141	11291	undetermined		224255									Latin
24256	16142	11291	undetermined		224256									Latin
24302	16167	11291	undetermined		224302									Latin
24304	11755	11291	undetermined		224304									Latin
24412	16208	11291	undetermined		224412									Latin
24413	16209	11291	undetermined		224413									Latin
24466	16226	11291	undetermined		224466									Latin
24485	16227	11291	undetermined		224485									Latin
24486	16228	11291	undetermined		224486									Latin
24487	16229	11291	undetermined		224487									Latin
24488	16230	11291	undetermined		224488									Latin
24489	16231	11291	undetermined		224489									Latin
24490	16232	11291	undetermined		224490									Latin
24495	16235	11291	undetermined		224495									Latin
24557	16264	11291	undetermined		224557									Latin
24558	16265	11291	undetermined		224558									Latin
24603	16280	11291	undetermined		224603									Latin
24653	16318	11291	undetermined		224653									Latin
24680	16342	11291	undetermined		224680									Latin
24741	16371	11291	undetermined		224741									Latin
24757	16393	11291	undetermined		224757									Latin
24758	16394	11291	undetermined		224758									Latin
24759	16395	11291	undetermined		224759									Latin
24760	16396	11291	undetermined		224760									Latin
24761	16397	11291	undetermined		224761									Latin
24762	16398	11291	undetermined		224762									Latin
24763	16399	11291	undetermined		224763									Latin
24764	16400	11291	undetermined		224764									Latin
24765	16401	11291	undetermined		224765									Latin
24766	16408	11291	undetermined		224766									Latin
24767	16409	11291	undetermined		224767									Latin
24773	16414	11291	undetermined		224773									Latin
24774	16415	11291	undetermined		224774									Latin
24775	16416	11291	undetermined		224775									Latin
24776	16417	11291	undetermined		224776									Latin
24799	16429	11291	undetermined		224799									Latin
24800	16430	11291	undetermined		224800									Latin
24801	16431	11291	undetermined		224801									Latin
24804	16434	11291	undetermined		224804									Latin
24806	16435	11291	undetermined		224806									Latin
24813	16438	11291	undetermined		224813									Latin
24851	16456	11291	undetermined		224851									Latin
24852	16457	11291	undetermined		224852									Latin
24853	16458	11291	undetermined		224853									Latin
24854	16459	11291	undetermined		224854									Latin
24855	16460	11291	undetermined		224855									Latin
24856	16461	11291	undetermined		224856									Latin
24857	16462	11291	undetermined		224857									Latin
24858	16463	11291	undetermined		224858									Latin
24859	16464	11291	undetermined		224859									Latin
24860	16465	11291	undetermined		224860									Latin
24861	16466	11291	undetermined		224861									Latin
24876	8155	11291	undetermined		224876									Latin
24885	16478	11291	undetermined		224885									Latin
24921	16498	11291	undetermined		224921									Latin
24922	16499	11291	undetermined		224922									Latin
24927	16501	11291	undetermined		224927									Latin
24953	16517	11291	undetermined		224953									Latin
24958	16519	11291	undetermined		224958									Latin
24964	16523	11291	undetermined		224964									Latin
24980	16529	11291	undetermined		224980									Latin
24983	16532	11291	undetermined		224983									Latin
24986	16534	11291	undetermined		224986									Latin
24994	16538	11291	undetermined		224994									Latin
24995	16539	11291	undetermined		224995									Latin
24996	16540	11291	undetermined		224996									Latin
24997	16541	11291	undetermined		224997									Latin
24998	16542	11291	undetermined		224998									Latin
25065	16560	11291	undetermined		225065									Latin
25100	16601	11291	undetermined		225100									Latin
25106	16606	11291	undetermined		225106									Latin
25123	16622	11291	undetermined		225123									Latin
25124	16623	11291	undetermined		225124									Latin
25126	16625	11291	undetermined		225126									Latin
25128	16627	11291	undetermined		225128									Latin
25160	16641	11291	undetermined		225160									Latin
25161	16642	11291	undetermined		225161									Latin
25170	16646	11291	undetermined		225170									Latin
25175	16649	11291	undetermined		225175									Latin
25178	16651	11291	undetermined		225178									Latin
25185	16655	11291	undetermined		225185									Latin
25186	16656	11291	undetermined		225186									Latin
25193	16663	11291	undetermined		225193									Latin
25194	16664	11291	undetermined		225194									Latin
25199	16667	11291	undetermined		225199									Latin
25201	16668	11291	undetermined		225201									Latin
25205	16672	11291	undetermined		225205									Latin
25207	16674	11291	undetermined		225207									Latin
25208	16675	11291	undetermined		225208									Latin
25209	16676	11291	undetermined		225209									Latin
25224	16678	11291	undetermined		225224									Latin
25248	16683	11291	undetermined		225248									Latin
25255	16690	11291	undetermined		225255									Latin
25276	16709	11291	undetermined		225276									Latin
25280	16713	11291	undetermined		225280									Latin
25300	16721	11291	undetermined		225300									Latin
25302	16723	11291	undetermined		225302									Latin
25303	16724	11291	undetermined		225303									Latin
25318	16733	11291	undetermined		225318									Latin
25320	16735	11291	undetermined		225320									Latin
25323	16737	11291	undetermined		225323									Latin
25326	16740	11291	undetermined		225326									Latin
25330	16744	11291	undetermined		225330									Latin
25331	16745	11291	undetermined		225331									Latin
25335	16749	11291	undetermined		225335									Latin
25336	16750	11291	undetermined		225336									Latin
25342	16753	11291	undetermined		225342									Latin
25356	16762	11291	undetermined		225356									Latin
25359	16764	11291	undetermined		225359									Latin
25369	16774	11291	undetermined		225369									Latin
25375	16780	11291	undetermined		225375									Latin
25452	16817	11291	undetermined		225452									Latin
25453	16818	11291	undetermined		225453									Latin
25485	16648	11291	undetermined		225485									Latin
25522	16855	11291	undetermined		225522									Latin
25523	16856	11291	undetermined		225523									Latin
25524	16581	11291	undetermined		225524									Latin
25526	16858	11291	undetermined		225526									Latin
25527	16859	11291	undetermined		225527									Latin
25530	16861	11291	undetermined		225530									Latin
25579	16900	11291	undetermined		225579									Latin
25580	16901	11291	undetermined		225580									Latin
25581	16902	11291	undetermined		225581									Latin
25582	16903	11291	undetermined		225582									Latin
25610	16910	11291	undetermined		225610									Latin
25613	16912	11291	undetermined		225613									Latin
25642	12989	11291	undetermined		225642									Latin
25643	12991	11291	undetermined		225643									Latin
25645	16934	11291	undetermined		225645									Latin
25646	16935	11291	undetermined		225646									Latin
25647	16936	11291	undetermined		225647									Latin
25648	16937	11291	undetermined		225648									Latin
25649	16938	11291	undetermined		225649									Latin
25657	16943	11291	undetermined		225657									Latin
25666	16949	11291	undetermined		225666									Latin
25676	16958	11291	undetermined		225676									Latin
25678	16960	11291	undetermined		225678									Latin
25681	16962	11291	undetermined		225681									Latin
25701	16966	11291	undetermined		225701									Latin
25709	16974	11291	undetermined		225709									Latin
25719	16984	11291	undetermined		225719									Latin
28851	18961	11291	undetermined		228851		Crimea	Resort Nizhnyaya Oreanda			Oreanda, Yalta		08655	Latin
28993	18961	11291	undetermined		228993		Crimea	Oreanda - 12			Yalta		298658	Latin
29067	11018	11291	undetermined		229067		Kafia Kingi							Latin
29529	19100	11291	undetermined		229529		Kafia Kingi							Latin
30160	19929	11291	undetermined		230160		Kafia Kingi							Latin
30162	19930	11291	undetermined		230162		Kafia Kingi							Latin
31130	9659	11291	undetermined		231130		Gaza				Jabaliya			Latin
34551	22884	11291	undetermined		234551		Kafia Kingi				Songo			Latin
34554	22885	11291	undetermined		234554		Kafia Kingi				Songo			Latin
54612	36216	11291	undetermined		254612		Commonwealth of Independent States							Latin
67884	45668	11291	undetermined		267884		West Bank				Hebron			Latin
67892	45677	11291	undetermined		267892		Gaza							Latin
67900	45678	11291	undetermined		267900		Gaza				Khan Yunis			Latin
67902	45680	11291	undetermined		267902		Gaza				Khan Yunis			Latin
68623	45917	11291	undetermined		268623		Gaza							Latin
68628	45890	11291	undetermined		268628		Gaza	Al-Nasr Street						Latin
68700	45935	11291	undetermined		268700		West Bank							Latin
68713	9647	11291	undetermined		268713		Gaza							Latin
68770	46208	11291	undetermined		268770		Gaza							Latin
68817	46231	11291	undetermined		268817		West Bank	Bethlehem						Latin
68819	46232	11291	undetermined		268819		Gaza				Rafah			Latin
68830	46248	11291	undetermined		268830		Gaza							Latin
69114	46469	11291	undetermined		269114		Gaza	Sheikh Radwad			Gaza City			Latin
70170	47000	11291	undetermined		270170		Gaza							Latin
70172	47108	11291	undetermined		270172		Gaza							Latin
70173	47002	11291	undetermined		270173		Gaza							Latin
70174	47001	11291	undetermined		270174		Gaza							Latin
70191	47128	11291	undetermined		270191		Gaza							Latin
70196	47129	11291	undetermined		270196		Gaza							Latin
70200	47130	11291	undetermined		270200		Gaza							Latin
70202	47131	11291	undetermined		270202		Gaza							Latin
70204	47132	11291	undetermined		270204		Gaza							Latin
70207	47133	11291	undetermined		270207		Gaza							Latin
70209	47134	11291	undetermined		270209		Gaza							Latin
70454	47110	11291	undetermined		270454		Gaza							Latin
70505	47320	11291	undetermined		270505		West Bank	Meitarim Farm Outpost						Latin
70510	47324	11291	undetermined		270510		West Bank				Mitzpe Yair			Latin
70514	47326	11291	undetermined		270514		West Bank				Givat Ronen			Latin
72237	47635	11291	undetermined		272237		Gaza							Latin
72296	48239	11291	undetermined		272296		Gaza							Latin
72304	48243	11291	undetermined		272304		West Bank	Moshes Farm						Latin
72306	48244	11291	undetermined		272306		West Bank							Latin
72308	48245	11291	undetermined		272308		West Bank				Halamish			Latin
72310	48246	11291	undetermined		272310		West Bank				Halamish			Latin
72312	48247	11291	undetermined		272312		West Bank				Havat Rimonim			Latin
72975	48605	11291	undetermined		272975		West Bank				Kiryat Arba			Latin
73023	48627	11291	undetermined		273023		West Bank	Ein Rehovot 33			Otniel		9040700	Latin
73031	48628	11291	undetermined		273031		West Bank				Yitzhar			Latin
74331	49301	11291	undetermined		274331		West Bank				Nablus			Latin
75269	49805	11291	undetermined		275269		West Bank				Rimonim			Latin
75271	49806	11291	undetermined		275271		West Bank				Wadi Al-Seeq			Latin
75273	49807	11291	undetermined		275273		West Bank				South Hebron Hills			Latin
75275	49808	11291	undetermined		275275		West Bank	Manne Farm Outpost			South Hebron Hills			Latin
75277	49809	11291	undetermined		275277		West Bank				South Hebron Hills			Latin
75283	49812	11291	undetermined		275283		West Bank				Revava			Latin
